HongKong,M,312.5
India,F,159.16666666666666
India,M,151.5151515151515
Singapore,F,2693.3333333333335
Singapore,M,1333.3333333333333
UK,F,149.25373134328356
UK,M,149.25373134328356
